tahun,triwulan,nama_kota,nama_kecamatan,nama_kelurahan ,jenis_kelamin,jumlah
2021,1,KAB.ADM.KEP.SERIBU,KEP. SERIBU UTR,P. PANGGANG,Laki-Laki,27
2021,1,KAB.ADM.KEP.SERIBU,KEP. SERIBU UTR,P. KELAPA,Laki-Laki,14
2021,1,JAKARTA PUSAT,TANAH ABANG,GELORA,Laki-Laki,8
2021,1,JAKARTA PUSAT,TANAH ABANG,BENDUNGAN HILIR,Laki-Laki,88
2021,1,JAKARTA PUSAT,TANAH ABANG,KARET TENGSIN,Laki-Laki,79
2021,1,JAKARTA PUSAT,TANAH ABANG,PETAMBURAN,Laki-Laki,152
2021,1,JAKARTA PUSAT,TANAH ABANG,KEBON MELATI,Laki-Laki,136
2021,1,JAKARTA PUSAT,TANAH ABANG,KEBON KACANG,Laki-Laki,69
2021,1,JAKARTA PUSAT,TANAH ABANG,KAMPUNG BALI,Laki-Laki,42
2021,1,JAKARTA PUSAT,JOHAR BARU,JOHAR BARU,Laki-Laki,124
2021,1,JAKARTA PUSAT,JOHAR BARU,KAMPUNG RAWA,Laki-Laki,71
2021,1,JAKARTA PUSAT,JOHAR BARU,GALUR,Laki-Laki,51
2021,1,JAKARTA PUSAT,JOHAR BARU,TANAH TINGGI,Laki-Laki,155
2021,1,JAKARTA UTARA,PENJARINGAN,PENJARINGAN,Laki-Laki,302
2021,1,JAKARTA UTARA,PENJARINGAN,KAMAL MUARA,Laki-Laki,78
2021,1,JAKARTA UTARA,PENJARINGAN,KAPUK MUARA,Laki-Laki,149
2021,1,JAKARTA UTARA,PENJARINGAN,PEJAGALAN,Laki-Laki,361
2021,1,JAKARTA UTARA,PENJARINGAN,PLUIT,Laki-Laki,112
2021,1,JAKARTA UTARA,TANJUNG PRIOK,TANJUNG PRIOK,Laki-Laki,173
2021,1,JAKARTA UTARA,TANJUNG PRIOK,SUNTER JAYA,Laki-Laki,183
2021,1,JAKARTA UTARA,TANJUNG PRIOK,PAPANGGO,Laki-Laki,143
2021,1,JAKARTA UTARA,TANJUNG PRIOK,SUNGAI BAMBU,Laki-Laki,71
2021,1,JAKARTA UTARA,TANJUNG PRIOK,KEBON BAWANG,Laki-Laki,154
2021,1,JAKARTA UTARA,TANJUNG PRIOK,SUNTER AGUNG,Laki-Laki,291
2021,1,JAKARTA UTARA,TANJUNG PRIOK,WARAKAS,Laki-Laki,155
2021,1,JAKARTA UTARA,KOJA,KOJA,Laki-Laki,87
2021,1,JAKARTA UTARA,KOJA,TUGU UTARA,Laki-Laki,156
2021,1,JAKARTA UTARA,KOJA,LAGOA,Laki-Laki,205
2021,1,JAKARTA UTARA,KOJA,RAWA BADAK UTARA,Laki-Laki,103
2021,1,JAKARTA UTARA,KOJA,TUGU SELATAN,Laki-Laki,182
2021,1,JAKARTA UTARA,KOJA,RAWA BADAK SELATAN,Laki-Laki,120
2021,1,JAKARTA UTARA,CILINCING,CILINCING,Laki-Laki,194
2021,1,JAKARTA UTARA,CILINCING,SUKAPURA,Laki-Laki,331
2021,1,JAKARTA UTARA,CILINCING,MARUNDA,Laki-Laki,134
2021,1,JAKARTA UTARA,CILINCING,KALI BARU,Laki-Laki,307
2021,1,JAKARTA UTARA,CILINCING,SEMPER TIMUR,Laki-Laki,145
2021,1,JAKARTA UTARA,CILINCING,ROROTAN,Laki-Laki,201
2021,1,JAKARTA UTARA,CILINCING,SEMPER BARAT,Laki-Laki,233
2021,1,JAKARTA UTARA,PADEMANGAN,PADEMANGAN TIMUR,Laki-Laki,62
2021,1,JAKARTA UTARA,PADEMANGAN,PADEMANGAN BARAT,Laki-Laki,163
2021,1,JAKARTA UTARA,PADEMANGAN,ANCOL,Laki-Laki,71
2021,1,JAKARTA UTARA,KELAPA GADING,KELAPA GADING TIMUR,Laki-Laki,55
2021,1,JAKARTA UTARA,KELAPA GADING,PEGANGSAAN DUA,Laki-Laki,105
2021,1,JAKARTA UTARA,KELAPA GADING,KELAPA GADING BARAT,Laki-Laki,95
2021,1,JAKARTA BARAT,CENGKARENG,CENGKARENG BARAT,Laki-Laki,977
2021,1,JAKARTA BARAT,CENGKARENG,DURI KOSAMBI,Laki-Laki,356
2021,1,JAKARTA BARAT,CENGKARENG,RAWA BUAYA,Laki-Laki,896
2021,1,JAKARTA BARAT,CENGKARENG,KEDAUNG KALI ANGKE,Laki-Laki,93
2021,1,JAKARTA BARAT,CENGKARENG,KAPUK,Laki-Laki,874
